{
  "users": {
    "12496030270@s.whatsapp.net": {
      "afkTime": -1,
      "afkReason": "",
      "limit": "Infinity"
    }
  },
  "chats": {
    "916909137213-1632759248@g.us": {
      "mute": false,
      "antilink": false
    }
  },
  "database": {},
  "game": {
    "tebaklagu": [],
    "family100": [],
    "math": [],
    "tebakgambar": [],
    "tebakkata": [],
    "lontong": [],
    "lontong_desk": [],
    "kalimat": [],
    "lirik": [],
    "tebakan": []
  },
  "settings": {
    "12496030270@s.whatsapp.net": {
      "status": 0,
      "autobio": false
    }
  },
  "others": {
    "vote": []
  },
  "sticker": {}
}